Dataset	Sample	SampleCode	Z_Africa1	Z_Africa2	Z_CentralAsia	Z_CentralEurope	Z_EastAsia	Z_FarEastAsia	Z_India	Z_NativeAmerica	Z_Scandinavia	Z_SouthEastAsia	Z_SouthEurope	Z_UK	Code
CDX	HG00766	HG00766	0.0	0.0	0.25555555555555554	0.0	0.11111111111111112	0.17777777777777778	0.0	0.16666666666666666	0.0	0.2888888888888889	0.0	0.0	4
ACB	HG01890	HG01890	0.21	0.79	0.0	0.0	0.0	0.0	0.0	0.0	0.0	0.0	0.0	0.0	2
KHV	HG01843	HG01843	0.0	0.0	0.0	0.0	0.8117647058823529	0.18823529411764706	0.0	0.0	0.0	0.0	0.0	0.0	4
ITU	HG03773	HG03773	0.0	0.0	0.0	0.7674418604651162	0.0	0.0	0.0	0.0	0.0	0.0	0.23255813953488372	0.0	4
STU	HG03642	HG03642	0.0	0.0	0.0	0.0	0.27	0.0	0.14	0.0	0.21	0.38	0.0	0.0	4
ESN	HG03099	HG03099	0.2842105263157894	0.3578947368421052	0.3578947368421052	0.0	0.0	0.0	0.0	0.0	0.0	0.0	0.0	0.0	2
CHB	NA18533	NA18533	0.0	0.0	0.0	0.0	0.0	0.0	0.2872340425531915	0.1702127659574468	0.0	0.40425531914893614	0.13829787234042554	0.0	4
JPT	NA18949	NA18949	0.0	0.0	0.41	0.0	0.11	0.11	0.0	0.0	0.0	0.37	0.0	0.0	4
ACB	HG01989	HG01989	0.5578947368421052	0.28421052631578947	0.0	0.0	0.0	0.15789473684210525	0.0	0.0	0.0	0.0	0.0	0.0	2
ACB	HG01880	HG01880	0.0	0.48453608247422686	0.0	0.0	0.0	0.18556701030927836	0.21649484536082478	0.0	0.0	0.0	0.0	0.11340206185567012	2
JPT	NA18940	NA18940	0.0	0.0	0.0	0.0	0.0	0.9	0.1	0.0	0.0	0.0	0.0	0.0	4
CEU	NA11831	NA11831	0.0	0.0	0.0	0.28571428571428575	0.0	0.5102040816326531	0.0	0.0	0.20408163265306123	0.0	0.0	0.0	1
BEB	HG03920	HG03920	0.0	0.11956521739130434	0.0	0.0	0.0	0.0	0.8804347826086957	0.0	0.0	0.0	0.0	0.0	4
YRI	NA18501	NA18501	0.0	0.62	0.0	0.0	0.0	0.0	0.0	0.28	0.0	0.0	0.0	0.1	2
ACB	HG02009	HG02009	0.22580645161290322	0.0	0.5161290322580645	0.0	0.0	0.0	0.0	0.0	0.0	0.0	0.0	0.25806451612903225	2
BEB	HG03941	HG03941	0.0	0.0	0.24242424242424243	0.10101010101010102	0.24242424242424243	0.0	0.0	0.0	0.0	0.41414141414141414	0.0	0.0	4
CEU	NA07357	NA07357	0.0	0.0	0.0	0.7023809523809523	0.0	0.0	0.0	0.0	0.0	0.2976190476190476	0.0	0.0	1
CEU	NA07056	NA07056	0.0	0.0	0.0	0.0	0.0	0.0	0.0	0.0	0.4	0.0	0.6	0.0	1
JPT	NA18959	NA18959	0.0	0.0	0.0	0.13	0.46	0.0	0.0	0.0	0.0	0.29	0.12	0.0	4
LWK	NA19314	NA19314	0.0	0.8210526315789474	0.0	0.0	0.0	0.17894736842105263	0.0	0.0	0.0	0.0	0.0	0.0	2
TSI	NA20508	NA20508	0.0	0.16853932584269662	0.5617977528089888	0.0	0.0	0.0	0.0	0.0	0.2696629213483146	0.0	0.0	0.0	1
MSL	HG03055	HG03055	0.21	0.79	0.0	0.0	0.0	0.0	0.0	0.0	0.0	0.0	0.0	0.0	2
GWD	HG02562	HG02562	0.35	0.65	0.0	0.0	0.0	0.0	0.0	0.0	0.0	0.0	0.0	0.0	2
CHB	NA18542	NA18542	0.0	0.0	0.0	0.0	0.5102040816326531	0.4897959183673469	0.0	0.0	0.0	0.0	0.0	0.0	4
ASW	NA19713	NA19713	0.0	0.5681818181818182	0.0	0.0	0.4318181818181818	0.0	0.0	0.0	0.0	0.0	0.0	0.0	2
ACB	HG01956	HG01956	0.0	0.8585858585858586	0.0	0.0	0.0	0.0	0.0	0.0	0.0	0.0	0.0	0.14141414141414144	2
IBS	HG01531	HG01531	0.0	0.34693877551020413	0.23469387755102042	0.0	0.0	0.0	0.0	0.0	0.0	0.0	0.19387755102040816	0.22448979591836735	1
GBR	HG00115	HG00115	0.0	0.0	0.0	0.5934065934065934	0.0	0.0	0.1868131868131868	0.0	0.0	0.0	0.21978021978021975	0.0	1
MSL	HG03069	HG03069	0.5000000000000001	0.0	0.16304347826086957	0.0	0.0	0.0	0.0	0.0	0.0	0.33695652173913043	0.0	0.0	2
GBR	HG00114	HG00114	0.0	0.0	0.17	0.33	0.0	0.0	0.0	0.0	0.0	0.0	0.0	0.5	1
ESN	HG02943	HG02943	0.53	0.23	0.0	0.0	0.0	0.0	0.0	0.0	0.0	0.24	0.0	0.0	2
ASW	NA19701	NA19701	0.0	0.35789473684210527	0.3052631578947368	0.0	0.0	0.0	0.0	0.16842105263157894	0.16842105263157894	0.0	0.0	0.0	2
ACB	HG01988	HG01988	0.0	0.0	0.0	0.0	0.0	0.0	0.17391304347826086	0.19565217391304346	0.47826086956521735	0.0	0.15217391304347827	0.0	2
CHS	HG00464	HG00464	0.0	0.0	0.0	0.0	0.1566265060240964	0.0	0.38554216867469876	0.4578313253012048	0.0	0.0	0.0	0.0	4
JPT	NA18961	NA18961	0.0	0.0	0.21839080459770113	0.0	0.0	0.4137931034482758	0.0	0.36781609195402293	0.0	0.0	0.0	0.0	4
ACB	HG02013	HG02013	0.28735632183908044	0.7126436781609196	0.0	0.0	0.0	0.0	0.0	0.0	0.0	0.0	0.0	0.0	2
TSI	NA20521	NA20521	0.0	0.0	0.0	0.14	0.0	0.0	0.0	0.0	0.71	0.0	0.15	0.0	1
CDX	HG00759	HG00759	0.0	0.0	0.0	0.1443298969072165	0.1443298969072165	0.44329896907216493	0.0	0.0	0.0	0.26804123711340205	0.0	0.0	4
CDX	HG00982	HG00982	0.0	0.0	0.0	0.0	0.3225806451612903	0.0	0.13978494623655913	0.3655913978494624	0.0	0.17204301075268816	0.0	0.0	4
CHB	NA18536	NA18536	0.0	0.0	0.0	0.0	1.0	0.0	0.0	0.0	0.0	0.0	0.0	0.0	4
JPT	NA18941	NA18941	0.0	0.0	0.0	0.0	0.32	0.52	0.16	0.0	0.0	0.0	0.0	0.0	4
CEU	NA06984	NA06984	0.0	0.0	0.0	0.0	0.0	0.0	0.0	0.0	0.48148148148148145	0.0	0.5185185185185185	0.0	1
MSL	HG03388	HG03388	0.4835164835164836	0.18681318681318684	0.0	0.0	0.0	0.0	0.0	0.0	0.0	0.32967032967032966	0.0	0.0	2
CDX	HG01800	HG01800	0.0	0.0	0.0	0.0	0.44	0.22	0.0	0.0	0.0	0.34	0.0	0.0	4
BEB	HG03928	HG03928	0.0	0.33	0.0	0.22	0.13	0.0	0.0	0.0	0.0	0.0	0.0	0.32	4
CHS	HG00419	HG00419	0.0	0.0	0.0	0.0	0.0	0.5252525252525253	0.47474747474747475	0.0	0.0	0.0	0.0	0.0	4
TSI	NA20519	NA20519	0.0	0.0	0.0	0.0	0.0	0.0	0.0	0.0	0.3870967741935484	0.0	0.3225806451612903	0.2903225806451613	1
GWD	HG02611	HG02611	0.23	0.31	0.13	0.0	0.0	0.0	0.0	0.0	0.2	0.13	0.0	0.0	2
ESN	HG02922	HG02922	0.2	0.5894736842105264	0.0	0.0	0.0	0.2105263157894737	0.0	0.0	0.0	0.0	0.0	0.0	2
MSL	HG03085	HG03085	0.7977528089887641	0.0	0.0	0.0	0.0	0.0	0.0	0.0	0.0	0.20224719101123598	0.0	0.0	2
YRI	NA18861	NA18861	0.18681318681318682	0.8131868131868132	0.0	0.0	0.0	0.0	0.0	0.0	0.0	0.0	0.0	0.0	2
ESN	HG03100	HG03100	0.422680412371134	0.577319587628866	0.0	0.0	0.0	0.0	0.0	0.0	0.0	0.0	0.0	0.0	2
TSI	NA20510	NA20510	0.0	0.0	0.0	0.17708333333333334	0.0	0.13541666666666669	0.0	0.19791666666666669	0.4895833333333333	0.0	0.0	0.0	1
ASW	NA19835	NA19835	0.0	0.56	0.0	0.0	0.0	0.0	0.0	0.11	0.0	0.0	0.33	0.0	2
MSL	HG03072	HG03072	0.13043478260869565	0.5543478260869565	0.0	0.31521739130434784	0.0	0.0	0.0	0.0	0.0	0.0	0.0	0.0	2
PJL	HG02597	HG02597	0.0	0.0	0.0	0.0	0.0	0.0	0.32631578947368417	0.0	0.0	0.0	0.5473684210526315	0.1263157894736842	4
STU	HG03698	HG03698	0.0	0.0	0.3684210526315789	0.0	0.0	0.0	0.631578947368421	0.0	0.0	0.0	0.0	0.0	4
ACB	HG02010	HG02010	0.0	0.5368421052631579	0.0	0.17894736842105263	0.0	0.28421052631578947	0.0	0.0	0.0	0.0	0.0	0.0	2
CEU	NA11843	NA11843	0.0	0.0	0.0	0.0	0.0	0.0	0.0	0.6190476190476191	0.0	0.25	0.13095238095238096	0.0	1
ITU	HG03729	HG03729	0.12500000000000003	0.0	0.0	0.0	0.0	0.0	0.3125	0.41250000000000003	0.0	0.0	0.15	0.0	4
ACB	HG02014	HG02014	0.21000000000000002	0.5700000000000001	0.0	0.0	0.0	0.0	0.0	0.0	0.0	0.0	0.0	0.22000000000000003	2
CHS	HG00437	HG00437	0.0	0.0	0.0	0.16	0.68	0.16	0.0	0.0	0.0	0.0	0.0	0.0	4
MSL	HG03391	HG03391	0.3655913978494624	0.5053763440860215	0.0	0.0	0.0	0.0	0.0	0.0	0.0	0.12903225806451613	0.0	0.0	2
MSL	HG03063	HG03063	0.49	0.33	0.0	0.0	0.0	0.0	0.0	0.0	0.0	0.18	0.0	0.0	2
JPT	NA18944	NA18944	0.0	0.0	0.1	0.0	0.0	0.9	0.0	0.0	0.0	0.0	0.0	0.0	4
KHV	HG01598	HG01598	0.0	0.0	0.0	0.0	0.0	0.0	0.0	0.0	0.10989010989010989	0.8901098901098902	0.0	0.0	4
GWD	HG02586	HG02586	0.3977272727272727	0.4431818181818182	0.0	0.0	0.0	0.0	0.0	0.15909090909090912	0.0	0.0	0.0	0.0	2
MSL	HG03077	HG03077	0.0	0.8043478260869565	0.0	0.0	0.0	0.1956521739130435	0.0	0.0	0.0	0.0	0.0	0.0	2
MSL	HG03054	HG03054	0.1702127659574468	0.6595744680851063	0.0	0.0	0.0	0.0	0.0	0.0	0.0	0.1702127659574468	0.0	0.0	2
KHV	HG01858	HG01858	0.0	0.0	0.15000000000000002	0.0	0.0	0.21000000000000002	0.0	0.0	0.35000000000000003	0.18000000000000002	0.11000000000000001	0.0	4
ACB	HG01885	HG01885	0.0	0.8172043010752688	0.0	0.0	0.0	0.0	0.0	0.1827956989247312	0.0	0.0	0.0	0.0	2
ASW	NA19819	NA19819	0.0	0.77	0.0	0.0	0.0	0.0	0.0	0.0	0.0	0.0	0.0	0.23	2
IBS	HG01521	HG01521	0.0	0.19	0.0	0.0	0.0	0.0	0.12	0.0	0.0	0.0	0.69	0.0	1
CHS	HG00458	HG00458	0.0	0.0	0.0	0.0	0.3146067415730337	0.0	0.37078651685393255	0.0	0.0	0.3146067415730337	0.0	0.0	4
ESN	HG02977	HG02977	0.22	0.26	0.0	0.1	0.0	0.2	0.0	0.0	0.0	0.22	0.0	0.0	2
YRI	NA18502	NA18502	0.33695652173913043	0.4673913043478261	0.0	0.0	0.0	0.1956521739130435	0.0	0.0	0.0	0.0	0.0	0.0	2
BEB	HG03922	HG03922	0.0	0.0	0.0	0.12500000000000003	0.0	0.0	0.5454545454545455	0.0	0.0	0.0	0.3295454545454546	0.0	4
MSL	HG03095	HG03095	0.1134020618556701	0.4845360824742268	0.0	0.0	0.0	0.0	0.24742268041237114	0.0	0.15463917525773196	0.0	0.0	0.0	2
ITU	HG03784	HG03784	0.0	0.30526315789473685	0.0	0.0	0.0	0.0	0.33684210526315794	0.3578947368421053	0.0	0.0	0.0	0.0	4
JPT	NA18948	NA18948	0.28750000000000003	0.0	0.0	0.0	0.7125	0.0	0.0	0.0	0.0	0.0	0.0	0.0	4
MSL	HG03078	HG03078	0.0	1.0	0.0	0.0	0.0	0.0	0.0	0.0	0.0	0.0	0.0	0.0	2
GWD	HG02595	HG02595	0.1839080459770115	0.5057471264367817	0.0	0.0	0.0	0.3103448275862069	0.0	0.0	0.0	0.0	0.0	0.0	2
MSL	HG03397	HG03397	0.43617021276595747	0.5638297872340426	0.0	0.0	0.0	0.0	0.0	0.0	0.0	0.0	0.0	0.0	2
STU	HG03643	HG03643	0.0	0.0	0.0	0.0	0.0	0.0	0.8181818181818182	0.0	0.0	0.0	0.18181818181818182	0.0	4
PJL	HG02651	HG02651	0.30107526881720437	0.0	0.3763440860215054	0.0	0.0	0.0	0.0	0.0	0.3225806451612903	0.0	0.0	0.0	4
LWK	NA19042	NA19042	0.0	0.5894736842105264	0.0	0.0	0.0	0.0	0.0	0.0	0.0	0.0	0.1473684210526316	0.2631578947368421	2
CHS	HG00436	HG00436	0.0	0.0	0.0	0.0	0.0	0.0	1.0	0.0	0.0	0.0	0.0	0.0	4
IBS	HG01500	HG01500	0.12222222222222222	0.15555555555555556	0.0	0.0	0.0	0.0	0.4222222222222222	0.0	0.0	0.0	0.3	0.0	1
MSL	HG03419	HG03419	0.16129032258064516	0.7204301075268817	0.0	0.0	0.0	0.0	0.0	0.0	0.0	0.0	0.0	0.11827956989247311	2
JPT	NA18954	NA18954	0.0	0.0	0.0	0.0	0.4536082474226804	0.0	0.0	0.0	0.0	0.5463917525773196	0.0	0.0	4
FIN	HG00266	HG00266	0.1276595744680851	0.0	0.0	0.0	0.23404255319148937	0.3191489361702128	0.0	0.10638297872340427	0.0	0.21276595744680854	0.0	0.0	1
CEU	NA11830	NA11830	0.0	0.0	0.0	0.0	0.0	0.36	0.0	0.0	0.53	0.0	0.11	0.0	1
IBS	HG01519	HG01519	0.0	0.0	0.0	0.0	0.0	0.0	0.0	0.0	0.0	0.0	0.81	0.19	1
IBS	HG01515	HG01515	0.0	0.0	0.0	0.24242424242424243	0.0	0.0	0.0	0.0	0.11111111111111112	0.10101010101010102	0.5454545454545455	0.0	1
YRI	NA18488	NA18488	0.31868131868131866	0.5604395604395604	0.0	0.0	0.0	0.0	0.0	0.0	0.0	0.0	0.0	0.12087912087912088	2
GIH	NA20868	NA20868	0.0	0.0	0.2127659574468085	0.0	0.0	0.0	0.6276595744680851	0.0	0.0	0.15957446808510636	0.0	0.0	4
GWD	HG02561	HG02561	0.0	0.9	0.0	0.0	0.0	0.1	0.0	0.0	0.0	0.0	0.0	0.0	2
YRI	NA18516	NA18516	0.0	0.711340206185567	0.0	0.0	0.0	0.18556701030927836	0.10309278350515466	0.0	0.0	0.0	0.0	0.0	2
MSL	HG03428	HG03428	0.2826086956521739	0.717391304347826	0.0	0.0	0.0	0.0	0.0	0.0	0.0	0.0	0.0	0.0	2
CHB	NA18547	NA18547	0.0	0.0	0.0	0.0	0.44	0.0	0.43	0.13	0.0	0.0	0.0	0.0	4
CHB	NA18538	NA18538	0.0	0.0	0.14	0.0	0.0	0.45	0.0	0.0	0.41	0.0	0.0	0.0	4
ITU	HG03722	HG03722	0.0	0.12244897959183673	0.0	0.0	0.35714285714285715	0.0	0.0	0.19387755102040816	0.0	0.326530612244898	0.0	0.0	4
BEB	HG03925	HG03925	0.0	0.2	0.0	0.0	0.0	0.0	0.63	0.0	0.0	0.0	0.17	0.0	4
TSI	NA20513	NA20513	0.0	0.0	0.0	0.21	0.0	0.0	0.2	0.0	0.38	0.0	0.0	0.21	1
CHS	HG00407	HG00407	0.0	0.0	0.5888888888888889	0.0	0.0	0.0	0.0	0.0	0.0	0.24444444444444444	0.16666666666666666	0.0	4
BEB	HG03931	HG03931	0.0	0.0	0.26	0.0	0.12	0.21	0.13	0.28	0.0	0.0	0.0	0.0	4
GBR	HG00111	HG00111	0.0	0.0	0.22222222222222224	0.37777777777777777	0.0	0.0	0.0	0.0	0.0	0.0	0.39999999999999997	0.0	1
FIN	HG00269	HG00269	0.15	0.0	0.0	0.21	0.41	0.0	0.0	0.0	0.0	0.23	0.0	0.0	1
CEU	NA11829	NA11829	0.0	0.0	0.0	0.3118279569892473	0.0	0.0	0.0	0.0	0.3225806451612903	0.0	0.36559139784946243	0.0	1
CEU	NA11840	NA11840	0.0	0.0	0.0	0.23595505617977527	0.0	0.0	0.0	0.0	0.0	0.3595505617977528	0.4044943820224719	0.0	1
CDX	HG00844	HG00844	0.0	0.0	0.0	0.0	0.0	0.46067415730337075	0.3707865168539326	0.16853932584269662	0.0	0.0	0.0	0.0	4
CEU	NA11918	NA11918	0.0	0.0	0.0	0.29292929292929293	0.0	0.0	0.0	0.0	0.12121212121212122	0.5858585858585859	0.0	0.0	1
LWK	NA19025	NA19025	0.36082474226804123	0.6391752577319588	0.0	0.0	0.0	0.0	0.0	0.0	0.0	0.0	0.0	0.0	2
ACB	HG01886	HG01886	0.25510204081632654	0.15306122448979592	0.29591836734693877	0.0	0.0	0.0	0.0	0.163265306122449	0.0	0.0	0.1326530612244898	0.0	2
CDX	HG00851	HG00851	0.0	0.0	0.0	0.0	0.0	0.13186813186813187	0.0	0.0	0.3186813186813187	0.5494505494505495	0.0	0.0	4
CDX	HG01801	HG01801	0.0	0.0	0.0	0.0	0.0	0.32	0.31	0.1	0.0	0.27	0.0	0.0	4
ASW	NA19914	NA19914	0.0	0.630952380952381	0.0	0.0	0.0	0.0	0.25	0.0	0.0	0.0	0.0	0.11904761904761905	2
LWK	NA19024	NA19024	0.0	0.6395348837209303	0.0	0.0	0.0	0.0	0.2441860465116279	0.11627906976744187	0.0	0.0	0.0	0.0	2
TSI	NA20507	NA20507	0.0	0.0	0.0	0.0	0.0	0.0	0.7594936708860759	0.0	0.0	0.0	0.24050632911392406	0.0	1
YRI	NA18505	NA18505	0.3666666666666667	0.23333333333333334	0.0	0.0	0.2	0.0	0.0	0.0	0.0	0.2	0.0	0.0	2
LWK	NA19017	NA19017	0.17171717171717174	0.4040404040404041	0.19191919191919193	0.0	0.0	0.23232323232323235	0.0	0.0	0.0	0.0	0.0	0.0	2
PJL	HG02652	HG02652	0.0	0.0	0.0	0.0	0.0	0.0	0.6162790697674418	0.0	0.0	0.0	0.3837209302325581	0.0	4
TSI	NA20527	NA20527	0.0	0.27380952380952384	0.0	0.0	0.0	0.0	0.44047619047619047	0.2857142857142857	0.0	0.0	0.0	0.0	1
CDX	HG00956	HG00956	0.0	0.0	0.0	0.0	0.0	0.6	0.0	0.0	0.0	0.16	0.0	0.24	4
STU	HG03690	HG03690	0.0	0.0	0.4020618556701031	0.0	0.0	0.0	0.0	0.2268041237113402	0.21649484536082475	0.0	0.0	0.15463917525773196	4
GWD	HG02464	HG02464	1.0	0.0	0.0	0.0	0.0	0.0	0.0	0.0	0.0	0.0	0.0	0.0	2
GIH	NA20863	NA20863	0.0	0.0	0.0	0.0	0.0	0.0	1.0	0.0	0.0	0.0	0.0	0.0	4
ESN	HG03108	HG03108	0.17391304347826086	0.8260869565217391	0.0	0.0	0.0	0.0	0.0	0.0	0.0	0.0	0.0	0.0	2
KHV	HG01855	HG01855	0.0	0.0	0.0	0.0	0.28	0.0	0.0	0.0	0.0	0.72	0.0	0.0	4
TSI	NA20505	NA20505	0.0	0.0	0.0	0.0	0.0	0.0	0.0	0.0	0.29	0.0	0.71	0.0	1
LWK	NA19026	NA19026	0.2903225806451613	0.2903225806451613	0.0	0.0	0.0	0.0	0.0	0.0	0.0	0.41935483870967744	0.0	0.0	2
JPT	NA18965	NA18965	0.0	0.0	0.2916666666666667	0.0	0.0	0.7083333333333334	0.0	0.0	0.0	0.0	0.0	0.0	4
MSL	HG03212	HG03212	0.24210526315789477	0.5368421052631579	0.0	0.0	0.0	0.0	0.0	0.0	0.22105263157894736	0.0	0.0	0.0	2
KHV	HG01842	HG01842	0.0	0.0	0.0	0.0	0.0	0.22	0.0	0.13	0.0	0.52	0.0	0.13	4
JPT	NA18950	NA18950	0.19	0.0	0.27	0.12	0.0	0.3	0.0	0.0	0.12	0.0	0.0	0.0	4
ASW	NA19909	NA19909	0.0	0.8068181818181818	0.0	0.0	0.0	0.0	0.0	0.0	0.0	0.0	0.1931818181818182	0.0	2
ASW	NA19700	NA19700	0.0	0.2631578947368421	0.2947368421052632	0.0	0.0	0.10526315789473684	0.0	0.0	0.0	0.0	0.19999999999999998	0.13684210526315788	2
JPT	NA18956	NA18956	0.0	0.0	0.0	0.0	1.0	0.0	0.0	0.0	0.0	0.0	0.0	0.0	4
GIH	NA20859	NA20859	0.0	0.0	0.0	0.0	0.0	0.0	1.0	0.0	0.0	0.0	0.0	0.0	4
JPT	NA18963	NA18963	0.0	0.0	0.0	0.0	0.26530612244897955	0.0	0.0	0.5714285714285714	0.16326530612244897	0.0	0.0	0.0	4
ASW	NA19703	NA19703	0.0	0.81	0.0	0.0	0.0	0.0	0.0	0.19	0.0	0.0	0.0	0.0	2
GWD	HG02589	HG02589	0.4444444444444444	0.5555555555555556	0.0	0.0	0.0	0.0	0.0	0.0	0.0	0.0	0.0	0.0	2
GWD	HG02573	HG02573	0.16666666666666666	0.7	0.13333333333333333	0.0	0.0	0.0	0.0	0.0	0.0	0.0	0.0	0.0	2
ACB	HG01985	HG01985	0.0	0.5957446808510638	0.0	0.0	0.0	0.0	0.0	0.40425531914893614	0.0	0.0	0.0	0.0	2
CDX	HG00864	HG00864	0.0	0.0	0.0	0.0	0.65	0.0	0.0	0.0	0.0	0.35	0.0	0.0	4
LWK	NA19036	NA19036	0.34375	0.5520833333333334	0.0	0.0	0.0	0.10416666666666666	0.0	0.0	0.0	0.0	0.0	0.0	2
ACB	HG01879	HG01879	0.5714285714285715	0.19387755102040816	0.0	0.0	0.0	0.0	0.0	0.0	0.0	0.23469387755102042	0.0	0.0	2
JPT	NA18964	NA18964	0.0	0.0	0.0	0.0	1.0	0.0	0.0	0.0	0.0	0.0	0.0	0.0	4
ESN	HG02981	HG02981	0.40217391304347827	0.40217391304347827	0.1956521739130435	0.0	0.0	0.0	0.0	0.0	0.0	0.0	0.0	0.0	2
IBS	HG01506	HG01506	0.0	0.0	0.0	0.0	0.0	0.0	0.0	0.0	0.0	0.0	0.0	1.0	1
TSI	NA20832	NA20832	0.0	0.0	0.36633663366336633	0.0	0.0	0.0	0.33663366336633666	0.0	0.10891089108910891	0.0	0.18811881188118812	0.0	1
TSI	NA20525	NA20525	0.0	0.0	0.0	0.4318181818181818	0.0	0.0	0.0	0.0	0.5681818181818182	0.0	0.0	0.0	1
STU	HG03711	HG03711	0.2674418604651163	0.0	0.0	0.0	0.41860465116279066	0.0	0.0	0.0	0.0	0.0	0.313953488372093	0.0	4
GWD	HG02594	HG02594	0.45652173913043476	0.0	0.0	0.3913043478260869	0.0	0.15217391304347827	0.0	0.0	0.0	0.0	0.0	0.0	2
TSI	NA20517	NA20517	0.0	0.0	0.0	0.0	0.0	0.0	0.4534883720930233	0.0	0.0	0.0	0.5465116279069767	0.0	1
CHB	NA18535	NA18535	0.0	0.0	0.19	0.0	0.25	0.56	0.0	0.0	0.0	0.0	0.0	0.0	4
STU	HG03644	HG03644	0.0	0.8645833333333334	0.0	0.0	0.0	0.0	0.13541666666666669	0.0	0.0	0.0	0.0	0.0	4
GBR	HG00099	HG00099	0.0	0.0	0.0	0.0	0.0	0.0	0.0	0.0	0.7272727272727273	0.0	0.27272727272727276	0.0	1
PJL	HG02655	HG02655	0.0	0.13402061855670103	0.0	0.0	0.0	0.0	0.0	0.0	0.0	0.0	0.30927835051546393	0.5567010309278351	4
TSI	NA20506	NA20506	0.0	0.0	0.0	0.0	0.0	0.0	0.0	0.36	0.0	0.0	0.64	0.0	1
GBR	HG00122	HG00122	0.0	0.0	0.494949494949495	0.0	0.0	0.0	0.0	0.0	0.5050505050505051	0.0	0.0	0.0	1
GBR	HG00120	HG00120	0.0	0.0	0.5454545454545454	0.14772727272727273	0.0	0.0	0.0	0.0	0.0	0.0	0.0	0.3068181818181818	1
MSL	HG03091	HG03091	0.6629213483146068	0.0	0.3370786516853933	0.0	0.0	0.0	0.0	0.0	0.0	0.0	0.0	0.0	2
CHS	HG00406	HG00406	0.0	0.0	0.0	0.0	0.2696629213483146	0.0	0.0	0.0	0.0	0.7303370786516854	0.0	0.0	4
GIH	NA20874	NA20874	0.0	0.0	0.2	0.0	0.0	0.0	0.48	0.0	0.32	0.0	0.0	0.0	4
KHV	HG01860	HG01860	0.0	0.0	0.0	0.0	0.8791208791208791	0.0	0.12087912087912088	0.0	0.0	0.0	0.0	0.0	4
YRI	NA18523	NA18523	0.0	0.8695652173913043	0.0	0.0	0.0	0.0	0.0	0.13043478260869565	0.0	0.0	0.0	0.0	2
STU	HG03646	HG03646	0.0	0.0	0.0	0.0	0.17171717171717174	0.0	0.41414141414141414	0.30303030303030304	0.0	0.0	0.0	0.11111111111111112	4
MSL	HG03082	HG03082	0.11	0.42	0.0	0.34	0.0	0.0	0.0	0.0	0.0	0.13	0.0	0.0	2
CDX	HG01798	HG01798	0.0	0.21875	0.0	0.0	0.0	0.2916666666666667	0.14583333333333334	0.0	0.0	0.15625	0.1875	0.0	4
ASW	NA19711	NA19711	0.0	0.46875	0.0	0.0	0.0	0.0	0.0	0.0	0.23958333333333331	0.0	0.0	0.2916666666666667	2
IBS	HG01501	HG01501	0.0	0.0	0.0	0.0	0.0	0.0	0.43	0.0	0.42	0.0	0.15	0.0	1
GWD	HG02574	HG02574	0.0	1.0	0.0	0.0	0.0	0.0	0.0	0.0	0.0	0.0	0.0	0.0	2
CDX	HG00881	HG00881	0.0	0.0	0.0	0.0	0.18292682926829265	0.8170731707317073	0.0	0.0	0.0	0.0	0.0	0.0	4
GIH	NA20847	NA20847	0.0	0.0	0.0	0.0	0.0	0.0	0.43820224719101125	0.5617977528089888	0.0	0.0	0.0	0.0	4
MSL	HG03410	HG03410	0.26436781609195403	0.735632183908046	0.0	0.0	0.0	0.0	0.0	0.0	0.0	0.0	0.0	0.0	2
ITU	HG03774	HG03774	0.0	0.0	0.0	0.0	0.0	0.13953488372093023	0.0	0.4069767441860465	0.0	0.0	0.4534883720930233	0.0	4
MSL	HG03439	HG03439	0.381578947368421	0.6184210526315789	0.0	0.0	0.0	0.0	0.0	0.0	0.0	0.0	0.0	0.0	2
TSI	NA20520	NA20520	0.0	0.0	0.1395348837209302	0.0	0.0	0.0	0.49999999999999994	0.0	0.36046511627906974	0.0	0.0	0.0	1
CEU	NA10847	NA10847	0.0	0.0	0.0	0.0	0.0	0.0	0.0	0.0	0.5050505050505051	0.0	0.494949494949495	0.0	1
GBR	HG00118	HG00118	0.0	0.0	0.0	0.0	0.0	0.0	0.0	0.0	0.1958762886597938	0.0	0.23711340206185566	0.5670103092783505	1
STU	HG03687	HG03687	0.0	0.0	0.0	0.0	0.0	0.0	0.3505154639175258	0.0	0.0	0.0	0.0	0.6494845360824743	4
GWD	HG02614	HG02614	0.11	0.74	0.0	0.0	0.0	0.15	0.0	0.0	0.0	0.0	0.0	0.0	2
KHV	HG01846	HG01846	0.0	0.0	0.0	0.0	0.8775510204081632	0.12244897959183673	0.0	0.0	0.0	0.0	0.0	0.0	4
GIH	NA20876	NA20876	0.0	0.0	0.0	0.0	0.0	0.0	0.4591836734693877	0.11224489795918366	0.0	0.32653061224489793	0.10204081632653061	0.0	4
LWK	NA19031	NA19031	0.0	0.3763440860215053	0.0	0.15053763440860216	0.0	0.3333333333333333	0.0	0.0	0.0	0.13978494623655913	0.0	0.0	2
STU	HG03692	HG03692	0.0	0.0	0.40476190476190477	0.0	0.0	0.0	0.5952380952380952	0.0	0.0	0.0	0.0	0.0	4
ESN	HG02938	HG02938	0.6235294117647059	0.0	0.0	0.0	0.0	0.0	0.0	0.0	0.0	0.3764705882352941	0.0	0.0	2
CHS	HG00472	HG00472	0.2105263157894737	0.0	0.0	0.0	0.0	0.5368421052631579	0.10526315789473685	0.0	0.0	0.1473684210526316	0.0	0.0	4
CHB	NA18530	NA18530	0.0	0.0	0.0	0.0	0.6703296703296704	0.0	0.0	0.0	0.1208791208791209	0.0	0.0	0.2087912087912088	4
MSL	HG03052	HG03052	0.0	1.0	0.0	0.0	0.0	0.0	0.0	0.0	0.0	0.0	0.0	0.0	2
GBR	HG00101	HG00101	0.0	0.0	0.0	0.0	0.0	0.0	0.0	0.0	0.0	0.0	0.0	1.0	1
CEU	NA07048	NA07048	0.0	0.0	0.0	0.0	0.0	0.0	0.3555555555555556	0.0	0.0	0.0	0.6444444444444445	0.0	1
YRI	NA18510	NA18510	0.0	0.8372093023255813	0.0	0.0	0.0	0.0	0.0	0.0	0.0	0.0	0.0	0.16279069767441862	2
ESN	HG02946	HG02946	0.35955056179775285	0.6404494382022472	0.0	0.0	0.0	0.0	0.0	0.0	0.0	0.0	0.0	0.0	2
FIN	HG00176	HG00176	0.0	0.0	0.0	0.0	0.0	0.0	0.0	0.0	1.0	0.0	0.0	0.0	1
YRI	NA18511	NA18511	0.0	1.0	0.0	0.0	0.0	0.0	0.0	0.0	0.0	0.0	0.0	0.0	2
TSI	NA20529	NA20529	0.0	0.0	0.0	0.0	0.0	0.0	0.0	0.16304347826086954	0.0	0.0	0.6956521739130435	0.14130434782608695	1
PJL	HG02494	HG02494	0.0	0.0	0.22471910112359553	0.0	0.0	0.0	0.0	0.0	0.46067415730337075	0.31460674157303375	0.0	0.0	4
KHV	HG01857	HG01857	0.0	0.0	0.0	0.0	0.69	0.0	0.0	0.0	0.0	0.31	0.0	0.0	4
TSI	NA20514	NA20514	0.0	0.0	0.0	0.6063829787234042	0.0	0.39361702127659576	0.0	0.0	0.0	0.0	0.0	0.0	1
IBS	HG01503	HG01503	0.0	0.0	0.10101010101010101	0.3131313131313131	0.0	0.0	0.0	0.0	0.4444444444444444	0.0	0.1414141414141414	0.0	1
KHV	HG01847	HG01847	0.0	0.0	0.0	0.0	0.0	0.0	0.391304347826087	0.14130434782608697	0.0	0.2173913043478261	0.0	0.25000000000000006	4
CEU	NA11881	NA11881	0.0	0.0	0.0	0.0	0.0	0.1326530612244898	0.15306122448979592	0.0	0.0	0.0	0.10204081632653061	0.6122448979591837	1
CEU	NA07051	NA07051	0.0	0.0	0.0	0.0	0.0	0.0	0.12631578947368421	0.0	0.0	0.0	0.8736842105263158	0.0	1
CHB	NA18549	NA18549	0.0	0.0	0.0	0.0	0.30927835051546393	0.6907216494845362	0.0	0.0	0.0	0.0	0.0	0.0	4
BEB	HG03914	HG03914	0.14	0.19	0.0	0.0	0.0	0.0	0.28	0.13	0.0	0.26	0.0	0.0	4
YRI	NA18489	NA18489	0.32	0.5	0.18	0.0	0.0	0.0	0.0	0.0	0.0	0.0	0.0	0.0	2
GIH	NA20861	NA20861	0.0	0.0	0.0	0.0	0.0	0.0	0.8	0.0	0.2	0.0	0.0	0.0	4
CHB	NA18550	NA18550	0.0	0.0	0.0	0.0	0.3214285714285714	0.0	0.47619047619047616	0.0	0.20238095238095238	0.0	0.0	0.0	4
MSL	HG03433	HG03433	0.31	0.51	0.0	0.0	0.0	0.18	0.0	0.0	0.0	0.0	0.0	0.0	2
IBS	HG01518	HG01518	0.0	0.0	0.1134020618556701	0.26804123711340205	0.0	0.30927835051546393	0.0	0.0	0.0	0.0	0.30927835051546393	0.0	1
MSL	HG03394	HG03394	0.3888888888888889	0.3444444444444445	0.0	0.0	0.0	0.0	0.0	0.0	0.0	0.26666666666666666	0.0	0.0	2
FIN	HG00180	HG00180	0.0	0.0	0.12	0.0	0.0	0.0	0.0	0.0	0.37	0.0	0.51	0.0	1
KHV	HG01851	HG01851	0.0	0.0	0.0	0.0	0.44680851063829785	0.0	0.19148936170212763	0.0	0.0	0.2127659574468085	0.0	0.14893617021276595	4
PJL	HG02682	HG02682	0.1797752808988764	0.0	0.0	0.12359550561797752	0.0	0.0	0.0	0.0	0.0	0.5393258426966292	0.15730337078651688	0.0	4
IBS	HG01602	HG01602	0.0	0.0	0.0	0.4659090909090909	0.0	0.36363636363636365	0.0	0.0	0.17045454545454544	0.0	0.0	0.0	1
GBR	HG00116	HG00116	0.21176470588235294	0.0	0.0	0.5058823529411764	0.0	0.2823529411764706	0.0	0.0	0.0	0.0	0.0	0.0	1
BEB	HG03934	HG03934	0.25000000000000006	0.0	0.27272727272727276	0.0	0.0	0.0	0.13636363636363638	0.34090909090909094	0.0	0.0	0.0	0.0	4
IBS	HG01528	HG01528	0.0	0.28	0.0	0.0	0.0	0.0	0.13	0.0	0.0	0.0	0.14	0.45	1
MSL	HG03437	HG03437	0.26	0.56	0.0	0.18	0.0	0.0	0.0	0.0	0.0	0.0	0.0	0.0	2
FIN	HG00173	HG00173	0.0	0.0	0.0	0.0	0.0	0.0	0.0	0.0	1.0	0.0	0.0	0.0	1
GIH	NA20845	NA20845	0.0	0.0	0.594059405940594	0.0	0.0	0.0	0.22772277227722773	0.0	0.0	0.0	0.1782178217821782	0.0	4
GBR	HG00117	HG00117	0.1827956989247312	0.0	0.0	0.0	0.0	0.0	0.0	0.0	0.5698924731182796	0.0	0.24731182795698925	0.0	1
ASW	NA19922	NA19922	0.3	0.54	0.0	0.0	0.0	0.0	0.0	0.0	0.0	0.0	0.0	0.16	2
CHB	NA18552	NA18552	0.0	0.0	0.0	0.0	0.25806451612903225	0.0	0.2795698924731183	0.0	0.0	0.4623655913978495	0.0	0.0	4
LWK	NA19307	NA19307	0.25	0.16	0.0	0.22	0.0	0.0	0.0	0.0	0.16	0.21	0.0	0.0	2
KHV	HG01845	HG01845	0.0	0.0	0.46938775510204084	0.0	0.28571428571428575	0.24489795918367346	0.0	0.0	0.0	0.0	0.0	0.0	4
STU	HG03680	HG03680	0.21505376344086022	0.0	0.6666666666666666	0.0	0.0	0.0	0.0	0.0	0.0	0.0	0.11827956989247311	0.0	4
STU	HG03696	HG03696	0.0	0.0	0.0	0.0	0.0	0.0	0.6382978723404255	0.20212765957446807	0.0	0.15957446808510636	0.0	0.0	4
FIN	HG00272	HG00272	0.0	0.0	0.0	0.17391304347826086	0.0	0.0	0.0	0.0	0.6847826086956521	0.0	0.14130434782608695	0.0	1
PJL	HG02603	HG02603	0.0	0.0	0.17	0.0	0.0	0.0	0.51	0.2	0.0	0.0	0.0	0.12	4
MSL	HG03378	HG03378	0.5148514851485149	0.3564356435643564	0.0	0.0	0.0	0.0	0.0	0.0	0.0	0.12871287128712872	0.0	0.0	2
CHB	NA18543	NA18543	0.0	0.0	0.0	0.0	0.3452380952380952	0.0	0.0	0.0	0.0	0.6547619047619048	0.0	0.0	4
ACB	HG01889	HG01889	0.0	0.8764044943820225	0.0	0.0	0.0	0.0	0.0	0.0	0.0	0.0	0.0	0.12359550561797752	2
ESN	HG02953	HG02953	0.22772277227722773	0.6732673267326733	0.09900990099009901	0.0	0.0	0.0	0.0	0.0	0.0	0.0	0.0	0.0	2
ESN	HG02970	HG02970	0.0	0.7204301075268817	0.0	0.0	0.0	0.13978494623655913	0.0	0.0	0.0	0.13978494623655913	0.0	0.0	2
BEB	HG03940	HG03940	0.17346938775510207	0.0	0.0	0.0	0.0	0.0	0.19387755102040816	0.163265306122449	0.0	0.23469387755102042	0.23469387755102042	0.0	4
GBR	HG00100	HG00100	0.0	0.0	0.0	0.2061855670103093	0.0	0.0	0.0	0.0	0.12371134020618557	0.0	0.0	0.6701030927835052	1
FIN	HG00171	HG00171	0.0	0.0	0.0	0.1	0.34	0.0	0.0	0.11	0.1	0.19	0.16	0.0	1
