{
	// Analyses of a dataset
	"INPUT_TRAINING_FOLDER": "Input_1KG_Other_Samples", 
	"INPUT_TESTING_FOLDER": "Input_1KG_Other_Samples", 
	"INPUT_TRAINING_FILE": "RNASeq.txt",
	"INPUT_TESTING_FILE": ["Somatic_Verdict.txt", "RNASeq.txt"], 
	"SPLIT_DATA": 1, #Used to calculate the main diagonal, otherwise use 0

	"MODEL_DIR": "./SA_spatiotemporal/models",
	"N_SPLITS": 10,
	
	  // The names of the columns of the era
	  "COLS": {
	    "TARGET": ["Code"],
	    "ANNOT": ["Dataset", "Sample", "SampleCode"]
	  },	
}
